{
  "per_symbol": {
    "EURUSD": {
      "total_return": 0.008320012660564702,
      "net_pnl": 83.2001266056468,
      "ending_balance": 10083.200126605647,
      "n_trades": 38,
      "win_rate": 0.7368421052631579,
      "avg_win": 15.281447162137807,
      "avg_loss": -34.46803939342121,
      "expectancy": 2.189477015938065,
      "avg_r_multiple": 0.4062790391968215,
      "gross_profit": 427.8805205398586,
      "gross_loss": 344.6803939342121,
      "profit_factor": 1.241383403494446,
      "sharpe": 0.9694689374601573,
      "sortino": 0.17879543314865443,
      "calmar": 3.1086976572536495,
      "max_drawdown": -96.26274748203832,
      "max_drawdown_pct": -0.009456564523367907,
      "generalization_ratio": 1.0
    },
    "GBPUSD": {
      "total_return": -0.014567985902271485,
      "net_pnl": -145.6798590227154,
      "ending_balance": 9854.320140977285,
      "n_trades": 40,
      "win_rate": 0.675,
      "avg_win": 10.939664398429212,
      "avg_loss": -33.9269844446387,
      "expectancy": -3.6419964755678578,
      "avg_r_multiple": 0.21476009256189393,
      "gross_profit": 295.3709387575887,
      "gross_loss": 441.05079778030307,
      "profit_factor": 0.6696982303265652,
      "sharpe": -1.616933251321745,
      "sortino": -0.3909429587993121,
      "calmar": -2.1107293206239595,
      "max_drawdown": -236.99301108388136,
      "max_drawdown_pct": -0.023699301108388134,
      "generalization_ratio": 1.0
    },
    "USDJPY": {
      "total_return": 0.027981965041131263,
      "net_pnl": 279.819650411313,
      "ending_balance": 10279.819650411313,
      "n_trades": 42,
      "win_rate": 0.7142857142857143,
      "avg_win": 21.70665102108902,
      "avg_loss": -30.948323351779564,
      "expectancy": 6.662372628840853,
      "avg_r_multiple": 0.3579525187642929,
      "gross_profit": 651.1995306326705,
      "gross_loss": 371.37988022135477,
      "profit_factor": 1.753459369539712,
      "sharpe": 1.6562810053505244,
      "sortino": 0.30782478803912383,
      "calmar": 4.90015232892976,
      "max_drawdown": -209.39384455282016,
      "max_drawdown_pct": -0.020730240035237435,
      "generalization_ratio": 1.0
    },
    "AUDUSD": {
      "total_return": -0.034605098177213245,
      "net_pnl": -346.0509817721322,
      "ending_balance": 9653.949018227868,
      "n_trades": 37,
      "win_rate": 0.4864864864864865,
      "avg_win": 16.53085004910247,
      "avg_loss": -33.87401487663016,
      "expectancy": -9.35272923708456,
      "avg_r_multiple": -0.04463718311814259,
      "gross_profit": 297.55530088384444,
      "gross_loss": 643.6062826559731,
      "profit_factor": 0.4623250407934515,
      "sharpe": -2.930694074734813,
      "sortino": -0.38496560111137434,
      "calmar": -3.0570184137011376,
      "max_drawdown": -379.47845403298925,
      "max_drawdown_pct": -0.037821417963315423,
      "generalization_ratio": 1.0
    },
    "USDCAD": {
      "total_return": -0.020424994189692236,
      "net_pnl": -204.24994189692188,
      "ending_balance": 9795.750058103078,
      "n_trades": 36,
      "win_rate": 0.5,
      "avg_win": 10.760182018391665,
      "avg_loss": -22.107401012664944,
      "expectancy": -5.673609497136642,
      "avg_r_multiple": 0.06957392137346753,
      "gross_profit": 193.68327633104997,
      "gross_loss": 397.933218227969,
      "profit_factor": 0.4867230667335045,
      "sharpe": -2.613217887682208,
      "sortino": -0.26480038833541353,
      "calmar": -2.666016446692226,
      "max_drawdown": -262.7147678294041,
      "max_drawdown_pct": -0.02611877382640733,
      "generalization_ratio": 1.0
    },
    "NZDUSD": {
      "total_return": -0.007645892930528531,
      "net_pnl": -76.45892930528498,
      "ending_balance": 9923.541070694715,
      "n_trades": 40,
      "win_rate": 0.65,
      "avg_win": 17.569601045729755,
      "avg_loss": -38.090611178161,
      "expectancy": -1.9114732326320105,
      "avg_r_multiple": 0.21212575472241735,
      "gross_profit": 456.8096271889736,
      "gross_loss": 533.268556494254,
      "profit_factor": 0.856622093363376,
      "sharpe": -0.6750491259621488,
      "sortino": -0.14448611293506247,
      "calmar": -1.0247658789170284,
      "max_drawdown": -257.9412856632807,
      "max_drawdown_pct": -0.025765680657624843,
      "generalization_ratio": 1.0
    }
  },
  "aggregate": {
    "symbols": 6,
    "total_trades": 233,
    "blended_win_rate": 0.630901287553648,
    "avg_sharpe": -0.8683573994817055,
    "avg_profit_factor": 0.9117018673751759,
    "summed_net_pnl": -409.4199349800947,
    "worst_max_dd": -379.47845403298925
  },
  "estimated_trades_per_day": 2.7813976622730667
}